{
    "displayMode": 0,
    "resolution": 0,
    "VSync": false,
    "frameRateLimit": 0,
    "masterVolume": 0.6610517501831055,
    "musicVolume": 0.2554425895214081,
    "SFXVolume": 0.8217860460281372
}